Country,Year,Life expectancy ,infant deaths,Alcohol,Hepatitis B, BMI ,Polio,Total expenditure,Diphtheria ,Prevalence of current tobacco use (% of adults),Human Development Index,"PM2.5 air pollution, mean annual exposure (micrograms per cubic meter)"
Afghanistan,2015,65.0,62,0.01,65.0,19.1,6.0,8.16,65.0,26.0,0.478,61.25265502929688
Afghanistan,2010,58.8,74,0.01,66.0,16.7,66.0,9.2,66.0,29.100000381469727,0.448,65.24559020996094
Afghanistan,2005,57.3,85,0.02,66.0,14.2,58.0,8.7,58.0,32.70000076293945,0.4,64.5226821899414
Afghanistan,2000,54.8,88,0.01,62.0,12.2,24.0,8.2,24.0,36.900001525878906,0.335,64.9224624633789
Albania,2015,77.8,0,4.6,99.0,58.0,99.0,6.0,99.0,25.100000381469727,0.795,19.51253890991211
Albania,2010,76.2,1,5.28,99.0,54.3,99.0,5.34,99.0,28.0,0.754,21.27782821655273
Albania,2005,73.5,1,5.16,98.0,49.9,97.0,6.12,98.0,31.299999237060547,0.711,21.575258255004883
Albania,2000,72.6,1,3.66,96.0,45.0,97.0,6.26,97.0,35.0,0.677,21.99824905395508
Algeria,2015,75.6,21,,95.0,59.5,95.0,,95.0,21.100000381469727,0.74,36.08916473388672
Algeria,2010,74.7,21,0.45,95.0,53.9,95.0,5.12,95.0,21.5,0.721,33.63581848144531
Algeria,2005,72.9,19,0.5,83.0,48.9,88.0,3.24,88.0,21.799999237060547,0.685,35.85882568359375
Algeria,2000,71.3,21,0.25,,44.4,86.0,3.49,86.0,22.200000762939453,0.649,37.53604888916016
Argentina,2015,76.3,8,,94.0,62.8,93.0,,94.0,26.600000381469727,0.848,14.63162612915039
Argentina,2010,75.5,10,8.15,94.0,59.8,95.0,6.55,94.0,28.899999618530277,0.834,16.859100341796875
Argentina,2005,74.9,11,7.53,88.0,56.9,95.0,6.85,98.0,31.5,0.802,16.403085708618164
Argentina,2000,74.1,12,7.68,,54.0,88.0,9.21,83.0,34.0,0.779,16.780948638916016
Armenia,2015,74.8,1,,94.0,54.9,96.0,,94.0,26.899999618530277,0.766,34.881431579589844
Armenia,2010,73.5,1,4.23,94.0,51.2,96.0,4.56,94.0,28.600000381469727,0.746,37.5300407409668
Armenia,2005,73.0,1,4.25,91.0,48.8,92.0,5.25,9.0,30.299999237060547,0.707,37.068729400634766
Armenia,2000,72.0,1,2.9,55.0,47.1,96.0,6.25,93.0,32.0,0.662,36.79644775390625
Australia,2015,82.8,1,,93.0,66.6,93.0,,93.0,15.699999809265137,0.933,9.32001495361328
Australia,2010,81.9,1,10.52,92.0,63.9,92.0,9.2,92.0,18.200000762939453,0.923,10.618879318237305
Australia,2005,81.0,1,10.3,95.0,61.5,92.0,8.45,92.0,21.100000381469727,0.911,10.59713363647461
Australia,2000,79.5,1,10.17,,58.2,9.0,8.8,9.0,24.399999618530277,0.896,10.84372329711914
Austria,2015,81.5,0,,93.0,57.6,93.0,,93.0,31.200000762939453,0.91,13.541094779968262
Austria,2010,84.0,0,12.1,86.0,55.2,86.0,11.17,86.0,37.09999847412109,0.902,15.149140357971191
Austria,2005,79.4,0,12.4,86.0,52.7,86.0,1.53,86.0,43.79999923706055,0.889,15.592062950134276
Austria,2000,78.1,0,13.2,33.0,5.1,71.0,1.6,81.0,52.29999923706055,0.871,15.35536289215088
Azerbaijan,2015,72.7,5,,96.0,52.5,98.0,,96.0,25.200000762939453,0.748,21.41412353515625
Azerbaijan,2010,71.1,5,1.98,8.0,48.0,85.0,5.33,81.0,26.200000762939453,0.727,23.0476016998291
Azerbaijan,2005,68.4,6,0.73,49.0,44.7,79.0,7.86,75.0,27.600000381469727,0.672,22.865705490112305
Azerbaijan,2000,66.6,9,0.65,,42.1,75.0,4.67,76.0,28.700000762939453,0.622,22.88077163696289
Bahamas,2015,76.1,0,,95.0,64.5,95.0,,95.0,10.600000381469728,0.82,18.886306762695312
Bahamas,2010,75.0,0,9.19,98.0,61.3,97.0,7.44,99.0,10.699999809265137,0.812,21.11051368713379
Bahamas,2005,74.1,0,10.49,93.0,58.1,93.0,5.95,93.0,10.699999809265137,0.811,21.066356658935547
Bahamas,2000,72.6,0,12.15,,54.4,91.0,5.21,99.0,10.699999809265137,0.799,21.31820106506348
Bahrain,2015,76.9,0,,98.0,63.6,98.0,,98.0,16.399999618530273,0.858,72.60467529296875
Bahrain,2010,76.1,0,1.93,99.0,6.1,99.0,3.64,99.0,18.100000381469727,0.808,65.6308822631836
Bahrain,2005,75.3,0,2.05,98.0,56.1,98.0,3.16,98.0,20.0,0.803,64.58727264404297
Bahrain,2000,74.5,0,2.15,97.0,54.5,97.0,3.51,97.0,22.200000762939453,0.798,67.9577865600586
Bangladesh,2015,71.8,92,,97.0,18.3,97.0,,97.0,38.900001525878906,0.602,66.96575164794922
Bangladesh,2010,69.9,126,0.01,94.0,15.2,94.0,3.6,94.0,44.0,0.553,70.76499938964844
Bangladesh,2005,67.8,174,0.01,45.0,12.5,94.0,2.68,93.0,50.29999923706055,0.518,68.87354278564453
Bangladesh,2000,65.3,231,0.01,,1.4,83.0,2.33,82.0,57.59999847412109,0.485,63.03634262084961
Barbados,2015,75.5,0,,97.0,54.5,97.0,,97.0,8.800000190734863,0.791,24.686241149902344
Barbados,2010,74.7,0,8.41,86.0,5.7,9.0,6.17,86.0,9.199999809265137,0.788,28.21681404113769
Barbados,2005,73.9,0,8.01,92.0,46.9,91.0,5.38,92.0,9.699999809265137,0.776,28.48280143737793
Barbados,2000,73.3,0,7.43,,43.0,86.0,5.16,93.0,10.199999809265137,0.756,28.479455947875977
Belarus,2015,72.3,0,,99.0,62.3,99.0,,99.0,33.0,0.812,20.076276779174805
Belarus,2010,73.0,0,14.44,96.0,59.3,99.0,5.55,98.0,35.79999923706055,0.79,23.31941032409668
Belarus,2005,68.1,1,11.01,99.0,56.7,98.0,6.89,99.0,38.79999923706055,0.75,22.87190055847168
Belarus,2000,68.0,1,12.98,7.0,54.4,99.0,6.13,99.0,41.79999923706055,0.712,22.650266647338867
Belgium,2015,81.1,0,,98.0,63.7,99.0,,99.0,25.700000762939453,0.924,13.566522598266602
Belgium,2010,80.0,0,10.22,97.0,61.9,98.0,1.17,98.0,28.0,0.912,16.009319305419922
Belgium,2005,78.9,0,12.27,77.0,6.2,97.0,9.24,97.0,30.5,0.902,15.436351776123049
Belgium,2000,77.6,1,11.21,6.0,58.1,96.0,8.12,95.0,33.400001525878906,0.887,15.662450790405272
Belize,2015,71.0,0,,94.0,5.9,94.0,,94.0,9.699999809265137,0.708,25.21682548522949
Belize,2010,69.5,0,6.76,96.0,47.0,96.0,5.85,96.0,11.300000190734863,0.707,28.273054122924805
Belize,2005,69.0,0,6.25,96.0,43.8,96.0,4.45,96.0,13.0,0.664,28.292579650878903
Belize,2000,68.3,0,4.79,76.0,4.8,91.0,3.98,91.0,15.0,0.64,27.841440200805664
Benin,2015,60.0,25,,82.0,25.7,78.0,,82.0,8.600000381469727,0.529,40.47068405151367
Benin,2010,58.7,25,1.33,76.0,23.0,77.0,4.95,76.0,10.699999809265137,0.492,32.39297103881836
Benin,2005,56.5,25,1.13,7.0,2.5,73.0,4.73,7.0,13.399999618530272,0.457,34.32880783081055
Benin,2000,55.4,25,1.34,,18.4,78.0,4.34,78.0,16.700000762939453,0.416,39.77629470825195
Bosnia and Herzegovina,2015,77.4,0,,82.0,55.8,74.0,,82.0,37.70000076293945,0.761,29.622838973999023
Bosnia and Herzegovina,2010,76.4,0,4.54,89.0,53.1,9.0,9.58,89.0,40.29999923706055,0.725,32.30015563964844
Bosnia and Herzegovina,2005,75.0,0,4.56,93.0,5.5,95.0,8.5,93.0,43.400001525878906,0.691,33.77212142944336
Bosnia and Herzegovina,2000,74.6,0,3.64,,47.6,87.0,7.9,85.0,46.59999847412109,0.667,33.17226028442383
Botswana,2015,65.7,2,,95.0,37.9,96.0,,95.0,21.700000762939453,0.702,24.330257415771484
Botswana,2010,61.1,2,5.99,95.0,35.2,96.0,5.64,95.0,24.799999237060547,0.66,25.724720001220703
Botswana,2005,51.7,2,6.37,92.0,32.7,96.0,5.62,96.0,28.5,0.604,25.07372665405273
Botswana,2000,47.8,2,5.37,86.0,29.9,97.0,4.64,97.0,33.20000076293945,0.585,25.30182456970215
Brazil,2015,75.0,42,,96.0,56.1,98.0,,96.0,14.899999618530272,0.753,13.594655990600586
Brazil,2010,73.8,54,7.52,96.0,52.0,99.0,8.27,99.0,17.399999618530273,0.723,15.95528507232666
Brazil,2005,72.7,75,6.97,98.0,47.8,99.0,8.27,99.0,20.399999618530277,0.698,15.595925331115724
Brazil,2000,75.0,111,7.26,94.0,43.7,99.0,7.3,98.0,23.799999237060547,0.679,15.773481369018556
Bulgaria,2015,74.5,0,,92.0,65.7,91.0,,91.0,40.70000076293945,0.809,20.77642822265625
Bulgaria,2010,73.4,1,10.8,95.0,62.7,94.0,7.24,94.0,42.900001525878906,0.79,22.75619506835937
Bulgaria,2005,72.1,1,10.48,96.0,59.7,97.0,7.8,96.0,45.0,0.762,23.26729965209961
Bulgaria,2000,71.1,1,9.69,94.0,57.0,94.0,6.7,93.0,47.5,0.725,24.08980941772461
Burkina Faso,2015,59.9,38,,91.0,19.4,91.0,,91.0,17.0,0.418,46.56216812133789
Burkina Faso,2010,57.5,43,4.55,91.0,16.6,9.0,7.17,91.0,20.5,0.372,37.491329193115234
Burkina Faso,2005,53.3,48,4.88,,14.2,94.0,6.87,82.0,24.700000762939453,0.331,39.33511352539063
Burkina Faso,2000,51.0,48,3.71,,12.2,45.0,5.6,45.0,29.799999237060547,0.296,44.88311004638672
Burundi,2015,59.6,21,,94.0,18.7,94.0,,94.0,13.899999618530272,0.428,38.43088150024414
Burundi,2010,56.8,23,4.16,96.0,16.1,94.0,8.82,96.0,16.600000381469727,0.405,38.38116836547852
Burundi,2005,53.4,24,5.54,87.0,14.1,82.0,9.84,87.0,19.799999237060547,0.338,40.14781188964844
Burundi,2000,58.0,25,6.61,,12.8,71.0,4.98,8.0,24.0,0.297,40.95578002929688
Cambodia,2015,68.7,10,,89.0,19.6,87.0,,89.0,25.200000762939453,0.574,26.76923942565918
Cambodia,2010,66.6,14,2.2,89.0,16.4,88.0,5.95,89.0,30.100000381469727,0.54,31.343135833740234
Cambodia,2005,62.9,18,1.99,,13.9,82.0,5.84,82.0,36.0,0.499,31.408935546875
Cambodia,2000,57.7,27,1.51,,12.1,62.0,5.87,59.0,42.29999923706055,0.425,29.97403335571289
Cameroon,2015,57.3,45,,84.0,29.0,83.0,,84.0,8.399999618530273,0.56,77.05174255371094
Cameroon,2010,55.3,53,6.15,84.0,26.0,83.0,5.28,84.0,9.699999809265137,0.513,59.29340362548828
Cameroon,2005,52.8,58,5.03,79.0,23.3,79.0,4.75,8.0,11.199999809265137,0.475,63.45308303833008
Cameroon,2000,51.4,62,3.91,,2.9,57.0,4.48,62.0,12.800000190734863,0.442,70.82948303222656
Canada,2015,82.2,2,,55.0,67.0,91.0,,91.0,15.800000190734863,0.926,7.15158224105835
Canada,2010,81.2,2,8.4,56.0,64.1,88.0,11.2,89.0,19.299999237060547,0.911,8.3844575881958
Canada,2005,81.0,2,8.0,14.0,61.3,93.0,9.57,93.0,23.299999237060547,0.903,8.495469093322754
Canada,2000,79.1,2,7.6,,57.8,88.0,8.67,89.0,28.399999618530277,0.89,8.280983924865723
Chad,2015,53.1,46,,46.0,19.1,52.0,,46.0,9.399999618530272,0.389,68.6823959350586
Chad,2010,51.2,46,0.5,39.0,17.1,43.0,2.95,39.0,10.699999809265137,0.362,56.58662796020508
Chad,2005,48.6,45,0.42,,15.4,37.0,3.91,25.0,12.199999809265137,0.327,58.20089340209961
Chad,2000,47.6,41,0.25,,13.9,3.0,6.28,36.0,13.899999618530272,0.291,65.97160339355469
Chile,2015,85.0,2,,97.0,63.8,96.0,,96.0,32.900001525878906,0.846,22.56979179382324
Chile,2010,79.1,2,7.93,92.0,6.6,92.0,6.97,92.0,37.09999847412109,0.813,25.89229202270508
Chile,2005,78.4,2,7.57,,57.4,92.0,6.69,91.0,41.70000076293945,0.795,25.52731704711914
Chile,2000,77.3,2,6.24,,54.0,91.0,6.4,91.0,46.900001525878906,0.763,26.16859436035156
China,2015,76.1,157,,99.0,32.9,99.0,,99.0,25.899999618530277,0.733,59.06342315673828
China,2010,75.0,231,5.75,99.0,28.1,99.0,4.89,99.0,26.200000762939453,0.691,69.47956848144531
China,2005,73.9,332,2.92,84.0,24.1,87.0,4.66,87.0,26.600000381469727,0.638,66.17450714111328
China,2000,71.7,490,3.06,6.0,2.5,86.0,4.6,85.0,26.700000762939453,0.584,60.704837799072266
Colombia,2015,74.8,10,,91.0,57.9,91.0,,91.0,9.899999618530272,0.754,17.300283432006836
Colombia,2010,73.6,12,4.28,88.0,54.2,88.0,6.76,88.0,11.399999618530272,0.726,21.49784469604492
Colombia,2005,73.1,15,4.38,93.0,5.5,93.0,5.82,93.0,13.199999809265137,0.696,21.28477478027344
Colombia,2000,71.4,18,4.66,78.0,46.7,82.0,5.91,79.0,15.100000381469728,0.666,20.05341911315918
Comoros,2015,63.5,1,,91.0,24.2,92.0,,91.0,23.5,0.544,20.715557098388672
Comoros,2010,61.8,2,0.15,74.0,21.6,82.0,5.82,74.0,27.700000762939453,0.52,20.666357040405277
Comoros,2005,60.0,2,0.24,68.0,19.2,67.0,4.32,68.0,32.79999923706055,0.488,21.24320602416992
Comoros,2000,59.5,1,0.09,,17.3,7.0,3.56,7.0,39.5,0.464,21.544055938720703
Congo,2015,64.7,7,,8.0,27.4,8.0,,8.0,13.5,0.59,44.1476936340332
Congo,2010,62.0,7,3.53,74.0,24.5,72.0,2.29,74.0,12.800000190734863,0.561,42.009090423583984
Congo,2005,55.3,8,2.03,,21.7,62.0,2.42,62.0,12.199999809265137,0.519,42.68905258178711
Congo,2000,52.9,9,2.26,,19.3,31.0,2.13,33.0,11.899999618530272,0.491,43.59878540039063
Costa Rica,2015,79.6,1,,92.0,6.5,92.0,,92.0,10.5,0.798,16.879289627075195
Costa Rica,2010,78.1,1,3.58,89.0,55.5,93.0,9.66,88.0,12.600000381469728,0.772,19.272953033447266
Costa Rica,2005,78.6,1,4.1,9.0,5.3,91.0,7.74,91.0,15.0,0.74,19.657306671142575
Costa Rica,2000,77.6,1,4.34,89.0,45.4,8.0,7.12,88.0,18.0,0.71,19.41210174560547
Croatia,2015,78.0,0,,94.0,63.7,94.0,,94.0,36.09999847412109,0.843,19.206682205200195
Croatia,2010,76.6,0,12.1,97.0,6.6,97.0,8.25,97.0,35.400001525878906,0.821,21.334718704223636
Croatia,2005,75.2,0,11.59,,57.5,96.0,6.89,96.0,34.900001525878906,0.802,22.12263298034668
Croatia,2000,74.7,0,12.73,,54.7,94.0,7.66,93.0,34.400001525878906,0.759,21.51238441467285
Cuba,2015,79.1,1,,99.0,61.4,99.0,,99.0,22.0,0.773,20.86409950256348
Cuba,2010,78.0,1,4.13,96.0,57.7,99.0,1.19,96.0,27.0,0.78,23.933298110961918
Cuba,2005,77.2,1,4.48,95.0,53.8,99.0,9.39,89.0,33.20000076293945,0.741,24.009920120239254
Cuba,2000,76.9,1,3.92,98.0,49.4,98.0,6.7,95.0,40.79999923706055,0.693,24.13736724853516
Cyprus,2015,85.0,0,,97.0,6.3,97.0,,97.0,36.400001525878906,0.871,19.10134696960449
Cyprus,2010,79.5,0,11.32,96.0,57.8,99.0,7.23,99.0,37.70000076293945,0.857,20.081865310668945
Cyprus,2005,78.7,0,11.41,88.0,55.3,98.0,6.37,98.0,39.20000076293945,0.834,19.71804428100586
Cyprus,2000,78.1,0,9.56,89.0,52.8,97.0,5.77,97.0,40.900001525878906,0.797,20.184993743896484
Czechia,2015,78.8,0,,97.0,66.1,97.0,,97.0,31.399999618530277,0.891,17.416452407836914
Czechia,2010,77.5,0,12.69,99.0,63.6,99.0,7.43,99.0,32.29999923706055,0.87,20.676870346069336
Czechia,2005,75.9,0,13.19,99.0,61.3,96.0,6.93,97.0,33.400001525878906,0.844,19.946592330932617
Czechia,2000,74.7,0,13.22,,59.0,98.0,6.31,98.0,34.20000076293945,0.808,20.43670654296875
Denmark,2015,86.0,0,,,58.8,93.0,,93.0,21.100000381469727,0.936,10.657285690307615
Denmark,2010,79.2,0,10.28,,57.0,9.0,11.8,9.0,25.5,0.913,11.929147720336914
Denmark,2005,78.1,0,11.28,,55.0,93.0,9.77,93.0,30.799999237060547,0.911,12.078428268432615
Denmark,2000,76.9,0,11.69,,52.2,97.0,8.7,97.0,37.29999923706055,0.889,12.416939735412598
Dominican Republic,2015,73.9,6,,81.0,58.9,87.0,,85.0,12.199999809265137,0.736,14.858221054077148
Dominican Republic,2010,72.7,6,6.02,83.0,53.6,85.0,4.6,88.0,13.899999618530272,0.708,16.874465942382812
Dominican Republic,2005,69.7,7,5.71,87.0,48.2,86.0,4.26,87.0,16.100000381469727,0.674,16.585445404052734
Dominican Republic,2000,72.0,7,6.58,68.0,43.1,71.0,5.9,78.0,18.700000762939453,0.646,16.453149795532227
Ecuador,2015,76.2,6,,78.0,54.2,84.0,,78.0,12.800000190734863,0.765,15.699707984924316
Ecuador,2010,75.0,7,3.95,9.0,5.7,88.0,5.9,91.0,14.5,0.736,19.979188919067383
Ecuador,2005,74.2,8,3.54,92.0,47.2,89.0,5.87,92.0,16.200000762939453,0.715,19.914669036865234
Ecuador,2000,72.8,9,3.99,36.0,43.6,83.0,3.38,87.0,18.399999618530277,0.687,18.70026588439941
Egypt,2015,79.0,51,,93.0,61.1,93.0,,93.0,24.299999237060547,0.706,88.21338653564453
Egypt,2010,70.0,54,0.22,97.0,57.0,97.0,4.8,97.0,24.299999237060547,0.675,77.44661712646484
Egypt,2005,69.4,56,0.16,98.0,53.5,98.0,5.6,98.0,24.100000381469727,0.643,74.03844451904297
Egypt,2000,68.8,65,0.14,98.0,5.7,98.0,5.55,98.0,24.299999237060547,0.633,73.26432037353516
El Salvador,2015,73.5,2,,91.0,56.1,92.0,,91.0,9.5,0.668,26.4747314453125
El Salvador,2010,72.0,2,2.36,89.0,52.8,89.0,6.91,89.0,11.300000190734863,0.659,30.46194076538086
El Salvador,2005,71.0,3,2.77,89.0,49.4,89.0,7.19,89.0,13.399999618530272,0.641,31.97286605834961
El Salvador,2000,69.0,4,2.79,99.0,45.3,98.0,8.17,99.0,15.899999618530272,0.617,31.852596282958984
Eritrea,2015,64.7,5,,95.0,18.6,95.0,,95.0,8.699999809265137,0.483,49.82891082763672
Eritrea,2010,62.1,6,0.61,9.0,16.0,9.0,3.24,9.0,10.0,0.463,45.22713851928711
Eritrea,2005,59.4,7,1.07,96.0,13.9,96.0,2.97,96.0,11.5,0.449,47.11026382446289
Estonia,2015,77.6,0,,91.0,59.9,93.0,,93.0,33.29999923706055,0.882,7.003727436065674
Estonia,2010,75.6,0,14.97,94.0,57.6,94.0,6.25,94.0,37.20000076293945,0.861,8.519848823547363
Estonia,2005,72.8,0,15.52,95.0,55.5,96.0,5.2,96.0,41.59999847412109,0.839,8.457242965698242
Estonia,2000,78.0,0,0.01,,54.0,93.0,5.28,93.0,46.0,0.787,8.227386474609375
Ethiopia,2015,64.8,136,,77.0,17.6,75.0,,77.0,5.5,0.46,38.85860443115234
Ethiopia,2010,61.8,162,1.34,62.0,15.6,69.0,6.86,61.0,5.900000095367432,0.412,35.6341438293457
Ethiopia,2005,56.0,206,0.99,,13.8,56.0,4.2,44.0,6.300000190734863,0.346,34.351009368896484
Ethiopia,2000,51.2,253,0.88,,12.3,55.0,4.36,3.0,6.800000190734863,0.287,35.533966064453125
Fiji,2015,69.9,0,,99.0,62.7,99.0,,99.0,25.100000381469727,0.729,11.641944885253906
Fiji,2010,69.1,0,2.25,99.0,58.7,99.0,4.23,99.0,27.399999618530277,0.714,13.5338134765625
Fiji,2005,68.3,0,2.02,99.0,55.1,97.0,3.61,96.0,29.700000762939453,0.702,12.902495384216309
Fiji,2000,67.7,0,2.05,98.0,5.2,91.0,3.87,9.0,32.29999923706055,0.681,13.138453483581545
Finland,2015,81.1,0,,,62.1,97.0,,97.0,24.5,0.93,6.063834190368652
Finland,2010,79.9,0,9.72,,6.2,99.0,9.5,99.0,27.799999237060547,0.911,7.19033145904541
Finland,2005,78.9,0,9.95,,58.1,97.0,8.43,97.0,31.399999618530277,0.905,7.142454624176025
Finland,2000,77.5,0,8.59,,55.5,96.0,7.22,99.0,35.70000076293945,0.891,7.093878746032715
France,2015,82.4,2,,86.0,62.5,98.0,,98.0,33.70000076293945,0.892,12.745707511901855
France,2010,81.3,3,11.7,65.0,6.1,99.0,11.2,99.0,33.79999923706055,0.877,14.845621109008787
France,2005,81.0,3,12.2,35.0,57.5,98.0,1.6,98.0,34.099998474121094,0.866,14.704505920410156
France,2000,78.8,3,13.63,26.0,54.6,98.0,9.77,97.0,34.20000076293945,0.844,14.723017692565918
Gambia,2015,61.1,3,,97.0,27.3,96.0,,97.0,13.300000190734863,0.478,36.30538177490234
Gambia,2010,59.3,3,3.48,97.0,24.1,97.0,5.75,97.0,15.800000190734863,0.46,30.20126342773437
Gambia,2005,57.7,3,2.26,95.0,2.9,94.0,4.97,95.0,18.799999237060547,0.431,30.283668518066406
Gambia,2000,55.9,3,2.18,91.0,18.0,84.0,3.61,8.0,22.5,0.404,34.60087966918945
Georgia,2015,74.4,1,,94.0,56.2,91.0,,94.0,32.0,0.79,24.25264549255371
Georgia,2010,73.8,1,7.24,95.0,52.0,88.0,1.5,92.0,32.20000076293945,0.759,26.101238250732425
Georgia,2005,73.9,1,4.7,79.0,48.6,82.0,8.6,82.0,32.599998474121094,0.738,25.62728309631348
Georgia,2000,71.8,2,3.28,55.0,46.0,81.0,6.94,8.0,32.79999923706055,0.702,25.273801803588867
Germany,2015,81.0,2,,88.0,62.3,94.0,,95.0,24.899999618530277,0.938,12.82609748840332
Germany,2010,81.0,2,11.2,88.0,59.9,94.0,11.25,95.0,28.299999237060547,0.926,15.189495086669922
Germany,2005,79.2,3,11.67,9.0,57.6,95.0,1.52,96.0,32.099998474121094,0.914,14.535208702087402
Germany,2000,78.0,3,12.91,84.0,55.1,94.0,1.1,9.0,36.400001525878906,0.889,14.903934478759766
Ghana,2015,62.4,37,,88.0,28.6,88.0,,88.0,4.199999809265137,0.607,34.68190002441406
Ghana,2010,69.0,40,1.69,94.0,25.5,94.0,5.33,94.0,4.900000095367432,0.574,27.368284225463867
Ghana,2005,58.9,41,1.5,84.0,22.4,85.0,4.51,84.0,5.900000095367432,0.533,26.80667304992676
Ghana,2000,57.2,43,1.6,,19.5,88.0,3.0,88.0,7.0,0.507,35.03722381591797
Greece,2015,81.0,0,,96.0,66.5,99.0,,99.0,37.900001525878906,0.88,17.740556716918945
Greece,2010,83.0,0,9.0,95.0,63.7,99.0,9.18,99.0,42.900001525878906,0.869,19.06108856201172
Greece,2005,79.3,0,9.95,93.0,6.5,96.0,9.36,96.0,48.5,0.855,19.308103561401367
Greece,2000,78.2,1,8.48,89.0,57.4,89.0,7.6,89.0,54.900001525878906,0.81,19.918607711791992
Guatemala,2015,71.9,10,,74.0,5.6,9.0,,74.0,11.600000381469728,0.639,25.072725296020508
Guatemala,2010,77.0,12,2.14,94.0,47.2,94.0,6.64,94.0,12.5,0.605,29.982589721679688
Guatemala,2005,69.2,14,2.35,87.0,43.8,87.0,6.79,87.0,13.399999618530272,0.574,31.46465301513672
Guatemala,2000,67.7,17,2.63,,4.4,8.0,5.25,81.0,14.300000190734863,0.55,31.06172752380371
Guinea-Bissau,2015,58.9,4,,87.0,26.3,87.0,,87.0,10.699999809265137,0.472,31.7912712097168
Guinea-Bissau,2010,56.7,4,3.21,83.0,23.1,82.0,6.7,83.0,12.699999809265137,0.443,26.83635902404785
Guinea-Bissau,2005,53.9,5,3.1,,2.1,73.0,5.72,68.0,15.0,0.404,26.8405704498291
Guyana,2015,66.2,0,,95.0,46.7,92.0,,95.0,15.100000381469728,0.684,23.887882232666016
Guyana,2010,65.9,0,7.52,95.0,42.4,95.0,6.6,95.0,19.100000381469727,0.656,27.311864852905277
Guyana,2005,65.0,1,7.35,93.0,39.0,93.0,5.83,93.0,24.100000381469727,0.622,27.77781105041504
Guyana,2000,65.4,1,6.63,,35.7,79.0,5.85,88.0,30.200000762939453,0.577,27.390953063964844
Haiti,2015,63.5,14,,6.0,49.9,56.0,,6.0,8.600000381469727,0.529,15.540277481079102
Haiti,2010,36.3,23,5.76,,44.2,66.0,8.9,66.0,9.699999809265137,0.433,17.795242309570312
Haiti,2005,65.0,17,5.57,,38.5,6.0,4.41,6.0,10.899999618530272,0.49,17.461772918701172
Haiti,2000,58.6,20,4.79,,34.0,5.0,6.6,41.0,12.300000190734863,0.47,17.7797908782959
Hungary,2015,75.8,0,,,64.8,99.0,,99.0,33.20000076293945,0.838,17.23213005065918
Hungary,2010,74.5,0,10.78,,61.7,99.0,7.85,99.0,34.599998474121094,0.828,19.13552474975586
Hungary,2005,72.9,1,12.94,,58.8,99.0,8.28,99.0,35.900001525878906,0.806,19.466550827026367
Hungary,2000,71.7,1,12.22,,56.1,99.0,7.6,99.0,37.400001525878906,0.773,18.98184967041016
Iceland,2015,82.7,0,,,61.0,92.0,,92.0,15.199999809265137,0.945,6.927968978881836
Iceland,2010,81.8,0,8.25,,58.9,96.0,8.86,96.0,19.100000381469727,0.902,7.856536865234375
Iceland,2005,81.0,0,7.05,,56.9,95.0,9.21,95.0,24.0,0.901,7.842946529388428
Iceland,2000,79.7,0,6.17,,54.2,98.0,9.28,98.0,30.200000762939453,0.871,7.954558372497559
India,2015,68.3,910,,87.0,18.7,86.0,,87.0,32.20000076293945,0.629,89.30333709716797
India,2010,66.4,1200,2.77,38.0,15.9,76.0,4.28,79.0,38.09999847412109,0.575,95.7581787109375
India,2005,64.4,1500,1.27,8.0,13.5,65.0,4.28,65.0,45.5,0.534,90.3264617919922
India,2000,62.5,1800,0.93,,11.4,57.0,4.26,58.0,54.5,0.491,84.16480255126953
Indonesia,2015,69.1,114,,78.0,27.4,8.0,,78.0,36.70000076293945,0.695,16.64027976989746
Indonesia,2010,68.1,138,0.08,83.0,22.9,82.0,2.74,81.0,36.29999923706055,0.664,18.16928100585937
Indonesia,2005,67.2,163,0.06,65.0,19.0,79.0,2.79,72.0,35.79999923706055,0.632,18.926637649536133
Indonesia,2000,66.3,187,0.06,65.0,15.4,72.0,1.98,75.0,35.400001525878906,0.595,17.877389907836914
Iraq,2015,68.9,32,,56.0,59.1,63.0,,58.0,19.100000381469727,0.675,66.2650375366211
Iraq,2010,76.0,32,0.19,72.0,55.8,74.0,3.82,74.0,19.899999618530277,0.64,68.7114028930664
Iraq,2005,66.8,31,0.18,65.0,52.5,69.0,4.13,65.0,20.600000381469727,0.606,62.85178756713867
Iraq,2000,70.0,30,0.2,67.0,49.5,83.0,,8.0,22.0,0.589,62.45795822143555
Ireland,2015,81.4,0,,95.0,62.8,95.0,,95.0,23.799999237060547,0.925,8.672473907470703
Ireland,2010,86.0,0,11.88,46.0,58.9,94.0,8.76,94.0,27.100000381469727,0.904,9.976374626159668
Ireland,2005,78.7,0,13.31,,55.1,9.0,7.27,9.0,31.200000762939453,0.888,9.922228813171388
Ireland,2000,76.4,0,14.07,,51.5,86.0,6.3,86.0,35.599998474121094,0.847,10.137776374816896
Israel,2015,82.5,0,,96.0,64.9,95.0,,95.0,23.399999618530277,0.909,22.779783248901367
Israel,2010,81.7,1,2.63,97.0,63.0,95.0,7.36,95.0,25.899999618530277,0.894,24.019237518310547
Israel,2005,80.0,1,2.41,96.0,6.6,95.0,7.44,93.0,28.600000381469727,0.866,22.9827938079834
Israel,2000,78.9,1,2.53,98.0,58.3,93.0,7.13,93.0,31.700000762939453,0.844,24.503623962402344
Italy,2015,82.7,1,,93.0,63.6,93.0,,93.0,23.799999237060547,0.882,17.89144515991211
Italy,2010,81.8,2,6.95,96.0,61.0,96.0,9.42,96.0,24.5,0.882,19.025230407714844
Italy,2005,88.0,2,8.65,96.0,58.2,97.0,8.71,95.0,25.299999237060547,0.868,19.60087776184082
Italy,2000,79.4,3,9.78,94.0,55.0,97.0,7.91,87.0,26.200000762939453,0.841,19.77733421325684
Jamaica,2015,76.2,1,,91.0,54.2,91.0,,91.0,11.0,0.713,14.17665958404541
Jamaica,2010,75.0,1,3.55,94.0,5.5,94.0,5.3,94.0,12.800000190734863,0.704,16.09171485900879
Jamaica,2005,73.5,1,3.59,99.0,46.3,99.0,4.7,99.0,14.899999618530272,0.69,16.009632110595703
Jamaica,2000,72.6,1,3.46,,41.6,95.0,5.81,93.0,17.399999618530273,0.664,15.893815994262695
Japan,2015,83.7,2,,,29.0,99.0,,96.0,22.700000762939453,0.918,12.687459945678713
Japan,2010,83.0,3,6.9,,26.9,98.0,9.58,97.0,25.799999237060547,0.898,14.142337799072266
Japan,2005,82.0,3,7.99,,24.4,95.0,8.18,98.0,29.399999618530277,0.889,14.348666191101074
Japan,2000,81.1,4,7.97,,22.2,98.0,7.53,85.0,33.29999923706055,0.877,14.20962619781494
Jordan,2015,74.1,4,,99.0,65.6,99.0,,99.0,33.70000076293945,0.718,34.305450439453125
Jordan,2010,73.4,4,0.51,98.0,61.7,98.0,8.42,98.0,32.599998474121094,0.725,33.550567626953125
Jordan,2005,72.4,4,0.55,95.0,57.8,95.0,8.88,95.0,31.700000762939453,0.716,32.48283767700195
Jordan,2000,71.7,4,0.49,93.0,54.0,94.0,9.65,91.0,30.700000762939453,0.678,33.511444091796875
Kazakhstan,2015,72.0,4,,98.0,53.1,98.0,,98.0,25.399999618530277,0.805,14.384801864624023
Kazakhstan,2010,67.8,7,6.83,99.0,49.2,98.0,4.42,99.0,28.100000381469727,0.767,15.914493560791016
Kazakhstan,2005,64.6,8,6.94,94.0,46.3,99.0,4.7,98.0,30.899999618530277,0.739,15.618640899658203
Kazakhstan,2000,63.9,9,6.0,99.0,43.9,96.0,4.16,97.0,34.20000076293945,0.68,15.944765090942385
Kenya,2015,63.4,54,,89.0,22.0,83.0,,89.0,12.800000190734863,0.561,28.536279678344727
Kenya,2010,63.0,61,1.73,9.0,18.9,9.0,3.97,9.0,14.699999809265137,0.545,28.154769897460938
Kenya,2005,54.1,70,1.82,76.0,16.4,7.0,4.36,76.0,16.799999237060547,0.516,27.477298736572266
Kenya,2000,51.9,77,1.51,,14.4,8.0,4.68,82.0,19.299999237060547,0.481,28.385498046875
Kiribati,2015,66.3,0,,82.0,77.6,8.0,,78.0,46.400001525878906,0.622,11.514318466186523
Kiribati,2010,65.3,0,0.48,91.0,75.2,95.0,1.52,91.0,52.70000076293945,0.589,13.175041198730469
Kiribati,2005,64.9,0,0.6,5.0,72.1,74.0,1.6,79.0,60.400001525878906,0.591,13.345588684082031
Kiribati,2000,64.1,0,0.46,9.0,67.9,9.0,8.12,9.0,68.5,0.549,13.521965026855469
Kuwait,2015,74.7,0,,99.0,71.4,99.0,,99.0,18.299999237060547,0.83,65.40607452392578
Kuwait,2010,74.0,1,0.01,99.0,68.4,98.0,2.76,98.0,18.899999618530277,0.813,62.74398040771485
Kuwait,2005,73.6,0,0.01,99.0,66.3,99.0,2.38,99.0,19.5,0.798,59.67398834228516
Kuwait,2000,73.2,0,0.01,95.0,64.0,94.0,2.51,98.0,20.0,0.787,61.48199462890625
Kyrgyzstan,2015,71.1,3,,97.0,44.9,97.0,,97.0,28.399999618530277,0.69,24.344736099243164
Kyrgyzstan,2010,68.8,4,2.73,96.0,4.7,88.0,6.66,96.0,29.399999618530277,0.664,27.2653865814209
Kyrgyzstan,2005,66.9,4,2.81,97.0,38.0,98.0,5.82,98.0,30.299999237060547,0.644,26.777441024780277
Kyrgyzstan,2000,66.6,4,2.13,44.0,35.6,99.0,4.68,99.0,31.399999618530277,0.621,27.080219268798828
Latvia,2015,74.6,0,,94.0,61.2,95.0,,95.0,38.5,0.85,13.968201637268066
Latvia,2010,72.8,0,9.8,91.0,58.9,92.0,6.55,92.0,40.09999847412109,0.824,17.11506462097168
Latvia,2005,76.0,0,9.92,99.0,57.0,99.0,6.37,99.0,41.900001525878906,0.808,16.855894088745117
Latvia,2000,71.0,0,7.13,95.0,55.4,96.0,6.0,96.0,43.79999923706055,0.756,16.719966888427734
Lebanon,2015,74.9,1,,81.0,66.1,75.0,,81.0,38.70000076293945,0.746,31.22929573059082
Lebanon,2010,74.9,1,1.58,81.0,63.5,75.0,7.19,81.0,39.09999847412109,0.77,30.89212417602539
Lebanon,2005,73.9,1,1.94,77.0,6.8,74.0,8.42,77.0,39.70000076293945,0.737,30.024768829345703
Lesotho,2015,53.7,4,,93.0,32.6,9.0,,93.0,25.600000381469727,0.503,30.88497734069824
Lesotho,2010,51.1,4,2.71,93.0,29.7,92.0,1.87,93.0,27.200000762939453,0.467,32.240596771240234
Lesotho,2005,44.5,5,2.67,87.0,27.4,88.0,6.3,89.0,28.899999618530277,0.448,30.098922729492188
Lesotho,2000,49.3,5,3.1,,24.9,82.0,6.92,83.0,31.100000381469727,0.452,31.49014663696289
Liberia,2015,61.4,8,,52.0,27.3,52.0,,52.0,9.600000381469728,0.473,18.212804794311523
Liberia,2010,59.7,9,3.64,47.0,24.5,71.0,11.87,7.0,11.5,0.46,15.249197006225586
Liberia,2005,55.3,12,4.19,,22.0,66.0,8.4,6.0,13.600000381469728,0.437,16.02440643310547
Liberia,2000,51.9,14,4.46,,2.2,56.0,5.91,46.0,16.299999237060547,0.438,17.253143310546875
Lithuania,2015,73.6,0,,94.0,62.4,93.0,,93.0,34.0,0.862,12.455035209655762
Lithuania,2010,72.4,0,12.9,94.0,6.0,95.0,7.9,95.0,36.400001525878906,0.842,14.971064567565918
Lithuania,2005,78.0,0,12.3,95.0,58.4,93.0,5.83,94.0,38.900001525878906,0.817,14.46207046508789
Lithuania,2000,71.6,0,9.87,98.0,56.9,92.0,6.46,94.0,41.400001525878906,0.766,14.42813205718994
Luxembourg,2015,82.0,0,,94.0,61.3,99.0,,99.0,23.200000762939453,0.915,11.006654739379885
Luxembourg,2010,86.0,0,11.36,94.0,59.2,96.0,7.68,99.0,25.600000381469727,0.912,12.958784103393556
Luxembourg,2005,78.8,0,11.84,95.0,57.0,99.0,7.95,99.0,28.200000762939453,0.884,12.355535507202148
Luxembourg,2000,77.8,0,13.14,77.0,54.0,99.0,7.48,99.0,31.0,0.864,12.56956672668457
Madagascar,2015,65.5,28,,69.0,2.5,71.0,,69.0,31.299999237060547,0.504,22.950401306152344
Madagascar,2010,63.3,32,1.03,7.0,18.0,7.0,4.86,7.0,35.400001525878906,0.492,22.662010192871094
Madagascar,2005,69.0,37,0.72,81.0,15.8,8.0,5.3,85.0,40.70000076293945,0.469,23.294063568115234
Madagascar,2000,57.9,44,1.16,,13.9,58.0,5.8,57.0,46.70000076293945,0.443,21.87240028381348
Malawi,2015,58.3,26,,88.0,19.6,88.0,,88.0,13.100000381469728,0.491,24.537429809570312
Malawi,2010,52.9,35,1.08,93.0,17.6,86.0,1.5,93.0,16.0,0.456,25.696197509765625
Malawi,2005,46.0,39,1.04,93.0,15.9,94.0,8.2,93.0,19.5,0.406,25.627405166625977
Malawi,2000,43.1,51,1.18,,14.1,73.0,6.7,75.0,24.100000381469727,0.374,26.14208602905273
Malaysia,2015,75.0,4,,99.0,4.6,99.0,,99.0,23.899999618530277,0.797,17.44091033935547
Malaysia,2010,74.1,3,0.49,96.0,35.3,96.0,3.99,96.0,25.600000381469727,0.769,18.593753814697266
Malaysia,2005,73.4,3,0.46,96.0,3.7,96.0,3.29,96.0,27.5,0.732,19.37781143188477
Malaysia,2000,72.4,4,0.54,97.0,26.0,98.0,3.4,98.0,29.5,0.721,18.076169967651367
Maldives,2015,78.5,0,,99.0,27.4,99.0,,99.0,27.600000381469727,0.736,9.373944282531738
Maldives,2010,76.7,0,1.83,97.0,22.1,97.0,7.93,96.0,30.600000381469727,0.688,11.309829711914062
Maldives,2005,74.3,0,1.47,98.0,18.0,98.0,9.52,98.0,34.099998474121094,0.649,11.435359001159668
Maldives,2000,69.6,0,1.83,96.0,15.2,98.0,8.0,98.0,38.29999923706055,0.628,11.089532852172852
Mali,2015,58.2,52,,64.0,23.8,66.0,,64.0,9.899999618530272,0.416,41.92692947387695
Mali,2010,56.5,54,0.6,72.0,2.7,77.0,6.35,73.0,11.600000381469728,0.404,36.39765930175781
Mali,2005,53.6,57,0.55,83.0,18.0,78.0,6.34,77.0,13.800000190734863,0.366,37.84408187866211
Mali,2000,49.8,60,0.47,,15.6,53.0,6.29,43.0,16.299999237060547,0.317,39.80005645751953
Malta,2015,81.7,0,,95.0,69.6,97.0,,97.0,26.299999237060547,0.889,14.72246265411377
Malta,2010,83.0,0,7.91,75.0,67.6,76.0,8.3,76.0,28.600000381469727,0.861,16.449399948120117
Malta,2005,79.0,0,6.41,85.0,65.0,94.0,8.83,92.0,31.399999618530277,0.832,16.10447883605957
Malta,2000,77.5,0,5.59,,62.3,94.0,6.83,94.0,34.29999923706055,0.779,16.53494644165039
Mauritania,2015,63.1,8,,73.0,3.8,67.0,,73.0,12.600000381469728,0.544,49.49825668334961
Mauritania,2010,62.0,8,0.01,64.0,27.4,52.0,3.28,64.0,15.100000381469728,0.51,39.63741302490234
Mauritania,2005,66.0,8,0.01,42.0,24.2,71.0,4.21,71.0,17.899999618530273,0.49,41.87260055541992
Mauritania,2000,60.0,7,0.03,,21.1,58.0,5.26,51.0,21.299999237060547,0.465,48.86025238037109
Mauritius,2015,74.6,0,,97.0,33.3,98.0,,97.0,21.399999618530277,0.795,14.44195556640625
Mauritius,2010,73.3,0,2.95,99.0,3.7,99.0,5.29,99.0,22.700000762939453,0.755,15.194772720336914
Mauritius,2005,72.1,0,3.94,97.0,28.0,97.0,4.47,97.0,24.100000381469727,0.719,15.537249565124512
Mauritius,2000,71.0,0,4.6,88.0,25.3,88.0,3.78,88.0,25.5,0.681,15.398037910461426
Mexico,2015,76.7,30,,82.0,63.5,87.0,,87.0,15.199999809265137,0.768,22.13299560546875
Mexico,2010,75.6,35,5.21,93.0,6.1,95.0,6.39,95.0,17.700000762939453,0.746,26.36543846130371
Mexico,2005,75.3,42,4.93,98.0,56.4,98.0,6.4,98.0,20.600000381469727,0.733,26.86289978027344
Mexico,2000,74.8,55,4.99,97.0,52.4,97.0,4.98,97.0,24.0,0.709,26.77918243408203
Mongolia,2015,68.8,1,,99.0,52.7,99.0,,99.0,30.600000381469727,0.732,42.5146484375
Mongolia,2010,66.3,1,5.8,96.0,46.9,96.0,4.7,96.0,31.600000381469727,0.701,43.30465316772461
Mongolia,2005,64.5,2,2.75,98.0,42.1,99.0,5.9,99.0,32.900001525878906,0.658,39.72640609741211
Mongolia,2000,62.8,2,2.79,93.0,38.5,94.0,4.92,94.0,34.099998474121094,0.598,39.032527923583984
Montenegro,2015,76.1,0,,82.0,61.8,89.0,,89.0,33.099998474121094,0.822,22.559690475463867
Montenegro,2010,75.3,0,6.56,9.0,59.1,93.0,6.9,94.0,34.900001525878906,0.808,25.05540657043457
Montenegro,2005,73.6,0,,,55.7,,8.46,,36.70000076293945,0.767,25.56279182434082
Morocco,2015,74.3,17,,99.0,58.5,99.0,,99.0,16.200000762939453,0.654,31.440086364746094
Morocco,2010,72.8,20,0.56,98.0,53.6,99.0,5.86,99.0,18.100000381469727,0.603,29.64896011352539
Morocco,2005,77.0,22,0.47,96.0,49.1,98.0,5.6,98.0,20.100000381469727,0.567,30.96781349182129
Morocco,2000,68.6,27,0.45,43.0,44.8,95.0,4.18,95.0,22.5,0.521,30.967449188232425
Mozambique,2015,57.6,60,,8.0,22.6,8.0,,8.0,17.0,0.44,21.905881881713867
Mozambique,2010,54.0,69,0.96,74.0,2.5,73.0,5.38,74.0,20.5,0.402,23.56146812438965
Mozambique,2005,58.0,80,1.23,75.0,18.5,71.0,6.87,8.0,24.5,0.357,22.663230895996094
Mozambique,2000,49.0,93,1.14,,16.5,69.0,6.16,7.0,29.399999618530277,0.303,22.68627166748047
Myanmar,2015,66.6,39,,89.0,23.8,89.0,,89.0,48.79999923706055,0.562,38.5137825012207
Myanmar,2010,65.4,49,0.3,92.0,19.8,9.0,1.92,9.0,54.59999847412109,0.51,44.056114196777344
Myanmar,2005,63.9,64,0.28,62.0,16.4,86.0,1.83,73.0,60.59999847412109,0.46,43.32145309448242
Myanmar,2000,62.1,73,0.35,,13.6,88.0,1.84,82.0,66.9000015258789,0.41,39.36165237426758
Namibia,2015,65.8,2,,92.0,35.7,92.0,,92.0,17.100000381469727,0.628,26.910017013549805
Namibia,2010,63.0,3,7.58,83.0,31.8,83.0,7.89,83.0,19.5,0.585,27.659896850585938
Namibia,2005,55.1,3,4.89,,27.9,86.0,7.32,86.0,22.299999237060547,0.555,27.619760513305664
Namibia,2000,57.4,3,5.73,,24.5,8.0,6.11,79.0,25.600000381469727,0.546,27.433818817138672
Nepal,2015,69.2,17,,91.0,19.1,9.0,,91.0,36.0,0.579,96.25276947021484
Nepal,2010,68.0,23,0.24,82.0,16.4,83.0,6.43,82.0,43.59999847412109,0.543,100.78443145751952
Nepal,2005,65.4,33,0.2,41.0,13.9,78.0,5.72,75.0,53.5,0.495,93.21824645996094
Nepal,2000,62.5,46,0.08,,11.4,74.0,5.43,74.0,64.5,0.467,88.94302368164062
Netherlands,2015,81.9,1,,94.0,62.1,95.0,,95.0,24.600000381469727,0.932,12.93210506439209
Netherlands,2010,88.0,1,9.33,,59.3,97.0,1.48,97.0,27.5,0.917,15.232430458068848
Netherlands,2005,79.4,1,9.69,,55.8,96.0,9.6,96.0,30.600000381469727,0.899,14.578018188476562
Netherlands,2000,78.1,1,10.06,,51.8,97.0,7.42,97.0,34.29999923706055,0.893,14.928680419921877
New Zealand,2015,81.6,0,8.7,92.0,67.5,92.0,,92.0,16.5,0.931,6.33043384552002
New Zealand,2010,89.0,0,9.62,9.0,64.8,93.0,11.2,93.0,20.100000381469727,0.922,7.152865886688232
New Zealand,2005,79.9,0,9.31,87.0,62.1,89.0,8.25,89.0,24.299999237060547,0.912,7.037087440490723
New Zealand,2000,78.6,0,8.91,9.0,58.9,82.0,7.47,9.0,29.600000381469727,0.887,7.162288665771484
Niger,2015,61.8,49,,65.0,19.3,65.0,,65.0,7.900000095367432,0.376,87.28128051757812
Niger,2010,58.2,50,0.12,7.0,17.3,75.0,6.36,7.0,8.399999618530273,0.338,69.15017700195312
Niger,2005,53.7,55,0.11,,15.4,46.0,7.15,45.0,9.0,0.298,73.43849182128906
Niger,2000,50.0,58,0.1,,13.6,41.0,6.1,34.0,9.699999809265137,0.262,87.50675964355469
Nigeria,2015,54.5,483,,49.0,25.4,49.0,,49.0,4.699999809265137,0.516,75.39899444580078
Nigeria,2010,52.0,521,8.9,49.0,22.2,54.0,3.47,54.0,5.900000095367432,0.482,52.60906219482422
Nigeria,2005,49.2,556,9.71,18.0,19.3,45.0,4.11,36.0,7.400000095367432,0.469,59.65813827514648
Norway,2015,81.8,0,5.97,,61.2,95.0,,95.0,20.700000762939453,0.953,7.242775440216064
Norway,2010,81.0,0,6.59,,58.9,93.0,9.26,93.0,26.700000762939453,0.941,8.341506958007812
Norway,2005,81.0,0,6.37,,56.5,91.0,8.89,91.0,34.29999923706055,0.931,8.359490394592285
Norway,2000,78.5,0,5.67,,53.3,91.0,8.27,9.0,44.0,0.913,8.668866157531738
Oman,2015,76.6,1,,99.0,54.6,99.0,,99.0,7.800000190734863,0.823,42.62759017944336
Oman,2010,75.6,1,0.56,99.0,51.8,99.0,2.74,99.0,7.699999809265137,0.788,37.51533508300781
Oman,2005,74.3,1,0.63,99.0,49.5,99.0,2.59,99.0,7.699999809265137,0.745,39.6552734375
Oman,2000,72.6,1,0.38,99.0,45.9,99.0,3.7,99.0,7.599999904632568,0.705,39.85528945922852
Pakistan,2015,66.4,352,,72.0,25.4,72.0,,72.0,23.600000381469727,0.534,60.08589172363281
Pakistan,2010,65.1,372,0.04,82.0,21.9,82.0,3.2,82.0,27.399999618530277,0.505,68.00518798828125
Pakistan,2005,62.9,364,0.04,7.0,18.9,78.0,2.91,77.0,31.899999618530277,0.484,63.37843704223633
Pakistan,2000,62.8,385,0.02,,16.4,65.0,2.79,62.0,37.5,0.441,61.10602569580078
Panama,2015,77.8,1,,73.0,57.8,72.0,,73.0,6.400000095367432,0.8,12.49074363708496
Panama,2010,76.5,1,6.94,94.0,54.2,95.0,8.5,94.0,8.199999809265137,0.773,14.13891887664795
Panama,2005,75.8,1,5.53,92.0,5.3,88.0,7.48,92.0,10.5,0.749,14.115315437316896
Panama,2000,75.7,2,5.58,,45.9,99.0,7.76,98.0,13.399999618530272,0.721,14.383014678955078
Papua New Guinea,2015,62.9,10,,67.0,48.6,74.0,,73.0,42.5,0.541,13.261726379394531
Papua New Guinea,2010,61.8,10,0.79,56.0,44.9,72.0,4.18,67.0,45.900001525878906,0.499,14.94135856628418
Papua New Guinea,2005,64.0,11,0.84,63.0,41.1,61.0,6.42,72.0,49.70000076293945,0.466,14.524239540100098
Papua New Guinea,2000,58.9,11,0.73,57.0,37.5,51.0,3.98,59.0,54.09999847412109,0.447,14.75156307220459
Paraguay,2015,74.0,2,,93.0,5.2,89.0,,93.0,14.5,0.723,13.038074493408203
Paraguay,2010,73.2,3,5.65,89.0,46.4,85.0,9.1,89.0,18.200000762939453,0.685,15.102923393249512
Paraguay,2005,72.1,3,6.38,92.0,42.8,96.0,6.7,96.0,23.0,0.664,15.130470275878906
Paraguay,2000,79.0,4,6.78,,39.1,86.0,8.1,86.0,29.100000381469727,0.649,14.213086128234863
Peru,2015,75.5,8,,9.0,55.6,88.0,,9.0,11.5,0.759,26.037267684936523
Peru,2010,73.7,10,4.72,93.0,52.2,92.0,5.3,93.0,16.299999237060547,0.725,31.502574920654297
Peru,2005,72.8,13,4.44,94.0,48.8,66.0,4.72,77.0,23.100000381469727,0.686,32.29922866821289
Peru,2000,71.4,18,4.59,,45.4,93.0,4.83,98.0,32.900001525878906,0.676,30.273662567138672
Philippines,2015,68.5,52,,6.0,25.4,79.0,,6.0,25.399999618530277,0.698,19.58154296875
Philippines,2010,67.9,58,4.85,77.0,22.6,78.0,4.37,79.0,28.299999237060547,0.674,23.592315673828125
Philippines,2005,67.0,65,4.22,49.0,2.1,9.0,3.91,89.0,31.600000381469727,0.658,22.81857109069824
Philippines,2000,66.8,69,4.73,7.0,17.8,74.0,3.21,78.0,34.900001525878906,0.633,22.20389747619629
Poland,2015,77.5,2,,96.0,61.7,92.0,,98.0,27.200000762939453,0.868,22.69131851196289
Poland,2010,76.3,2,10.59,98.0,58.4,96.0,6.88,99.0,30.799999237060547,0.841,27.17650032043457
Poland,2005,75.0,2,9.5,98.0,55.5,99.0,6.2,99.0,35.0,0.815,26.15121841430664
Poland,2000,73.7,3,8.4,99.0,53.1,98.0,5.5,98.0,39.59999847412109,0.793,25.822185516357425
Portugal,2015,81.1,0,,98.0,61.6,98.0,,98.0,25.200000762939453,0.85,8.823283195495605
Portugal,2010,79.6,0,12.25,97.0,58.1,97.0,1.44,98.0,25.299999237060547,0.829,10.076887130737305
Portugal,2005,77.7,0,13.33,94.0,54.1,93.0,9.98,93.0,25.299999237060547,0.806,10.449707984924316
Portugal,2000,76.6,1,11.89,58.0,5.1,96.0,9.14,96.0,25.700000762939453,0.791,10.123692512512209
Qatar,2015,78.2,0,,99.0,69.3,99.0,,99.0,12.199999809265137,0.846,94.40389251708984
Qatar,2010,77.3,0,1.16,97.0,66.0,98.0,2.9,97.0,12.600000381469728,0.834,84.1229019165039
Qatar,2005,76.6,0,1.18,97.0,65.1,98.0,3.1,97.0,13.0,0.827,85.32646942138672
Qatar,2000,76.2,0,0.5,89.0,62.4,91.0,2.18,8.0,13.5,0.801,83.53533172607422
Romania,2015,75.0,2,,9.0,6.7,89.0,,89.0,29.700000762939453,0.813,15.433555603027344
Romania,2010,73.4,2,9.0,98.0,56.9,94.0,5.83,94.0,31.399999618530277,0.807,17.06214714050293
Romania,2005,71.9,3,7.68,98.0,53.9,97.0,5.47,97.0,33.20000076293945,0.756,17.15777587890625
Romania,2000,77.0,4,10.16,98.0,51.4,99.0,4.33,99.0,35.0,0.715,17.696741104125977
Rwanda,2015,66.1,11,,98.0,21.4,99.0,,98.0,15.899999618530272,0.515,42.6144905090332
Rwanda,2010,62.8,16,7.92,97.0,18.3,93.0,7.91,97.0,18.5,0.489,41.44091033935547
Rwanda,2005,55.3,24,7.01,95.0,15.4,95.0,6.83,95.0,21.299999237060547,0.422,42.691184997558594
Rwanda,2000,48.3,34,7.13,,13.2,9.0,4.22,9.0,24.799999237060547,0.34,43.481689453125
Samoa,2015,74.0,0,,59.0,74.7,61.0,,66.0,28.100000381469727,0.716,12.321795463562012
Samoa,2010,72.6,0,3.01,57.0,72.5,57.0,5.7,62.0,31.399999618530277,0.713,14.288093566894531
Samoa,2005,71.6,0,3.63,41.0,69.7,55.0,4.47,49.0,35.0,0.701,14.20545768737793
Samoa,2000,72.0,0,3.0,89.0,65.6,94.0,5.31,95.0,39.0,0.683,14.320470809936523
Sao Tome and Principe,2015,67.5,0,,96.0,3.9,96.0,,96.0,6.199999809265137,0.596,28.432092666625977
Sao Tome and Principe,2010,66.2,0,5.58,98.0,26.9,98.0,5.24,98.0,6.599999904632568,0.554,27.12662124633789
Sao Tome and Principe,2005,64.3,0,5.27,96.0,23.4,97.0,1.4,97.0,7.199999809265137,0.531,29.33439445495605
Sao Tome and Principe,2000,62.6,0,5.07,,2.7,87.0,8.86,82.0,7.800000190734863,0.501,30.311901092529297
Saudi Arabia,2015,74.5,7,,98.0,68.2,97.0,,98.0,14.199999809265137,0.859,97.43228912353516
Saudi Arabia,2010,73.7,8,0.09,98.0,63.9,98.0,3.49,98.0,14.199999809265137,0.816,81.69918060302734
Saudi Arabia,2005,73.1,9,0.05,97.0,6.2,96.0,3.42,96.0,14.199999809265137,0.78,76.42244720458984
Saudi Arabia,2000,72.6,10,0.05,93.0,56.2,95.0,4.24,95.0,14.199999809265137,0.737,79.07552337646484
Senegal,2015,66.7,19,,89.0,24.3,85.0,,89.0,8.300000190734863,0.505,44.34080123901367
Senegal,2010,64.3,21,0.28,89.0,21.7,76.0,4.62,89.0,9.899999618530272,0.468,34.985382080078125
Senegal,2005,65.0,23,0.33,84.0,19.5,84.0,5.35,84.0,11.899999618530272,0.419,35.54505920410156
Senegal,2000,57.5,27,0.29,,17.5,49.0,4.63,52.0,14.300000190734863,0.388,41.35304641723633
Serbia,2015,75.6,1,,94.0,6.0,95.0,,95.0,40.900001525878906,0.794,26.95437812805176
Serbia,2010,74.4,1,9.65,89.0,57.0,91.0,1.9,91.0,42.29999923706055,0.767,29.100589752197266
Serbia,2005,73.0,1,9.6,65.0,53.9,98.0,8.7,98.0,43.70000076293945,0.734,29.68541717529297
Serbia,2000,72.6,1,7.38,,51.2,98.0,6.53,95.0,45.09999847412109,0.69,29.223970413208008
Seychelles,2015,73.2,0,,98.0,37.4,97.0,,97.0,22.100000381469727,0.796,20.0535945892334
Seychelles,2010,72.4,0,6.51,99.0,33.5,99.0,3.59,99.0,24.0,0.776,21.09126853942871
Seychelles,2005,72.2,0,7.82,99.0,3.1,99.0,3.91,99.0,26.200000762939453,0.762,21.77301025390625
Seychelles,2000,71.8,0,8.24,98.0,27.1,98.0,4.62,98.0,28.700000762939453,0.744,21.647520065307617
Sierra Leone,2015,51.0,22,,86.0,24.4,86.0,,86.0,18.100000381469727,0.453,22.52859878540039
Sierra Leone,2010,48.1,27,3.84,86.0,21.7,84.0,1.32,86.0,24.299999237060547,0.427,18.528888702392575
Sierra Leone,2005,43.3,30,3.83,,19.2,67.0,12.25,65.0,32.599998474121094,0.372,19.312509536743164
Sierra Leone,2000,39.0,29,3.97,,17.2,46.0,13.63,44.0,43.70000076293945,0.318,20.50687026977539
Singapore,2015,83.1,0,1.79,96.0,33.2,96.0,,96.0,16.5,0.93,20.663389205932617
Singapore,2010,82.0,0,1.84,96.0,31.8,96.0,3.96,96.0,16.5,0.91,20.60946083068848
Singapore,2005,82.0,0,1.49,96.0,3.2,96.0,3.74,96.0,16.5,0.875,20.801313400268555
Singapore,2000,78.3,0,2.03,97.0,28.5,98.0,2.71,98.0,16.399999618530273,0.831,19.323184967041016
Slovakia,2015,76.7,0,,96.0,59.1,96.0,,96.0,31.5,0.851,18.80264663696289
Slovakia,2010,75.1,0,10.13,99.0,55.9,99.0,8.51,99.0,31.600000381469727,0.84,21.69021987915039
Slovakia,2005,74.0,0,10.81,99.0,53.1,99.0,7.4,99.0,31.700000762939453,0.803,21.94342041015625
Slovakia,2000,73.0,0,11.06,98.0,5.7,98.0,5.5,99.0,32.0,0.763,21.7239990234375
Slovenia,2015,88.0,0,,,6.1,95.0,,95.0,22.700000762939453,0.903,17.12815284729004
Slovenia,2010,79.5,0,10.32,,57.0,96.0,9.7,96.0,23.5,0.89,18.681655883789062
Slovenia,2005,77.5,0,11.14,,54.1,95.0,8.5,95.0,24.200000762939453,0.869,19.42284202575684
Slovenia,2000,76.0,0,11.9,,51.2,93.0,8.26,91.0,25.100000381469727,0.821,19.13404655456543
Solomon Islands,2015,69.2,0,,98.0,5.5,99.0,,98.0,37.900001525878906,0.559,12.699695587158203
Solomon Islands,2010,68.3,0,1.1,9.0,46.4,94.0,7.47,9.0,39.59999847412109,0.55,14.374255180358888
Solomon Islands,2005,67.4,0,0.9,83.0,42.1,9.0,7.83,89.0,41.29999923706055,0.512,14.178723335266112
Solomon Islands,2000,65.8,0,0.71,81.0,37.9,88.0,4.56,86.0,43.5,0.486,13.866954803466797
South Africa,2015,62.9,42,,75.0,51.1,75.0,,75.0,21.0,0.716,26.112972259521484
South Africa,2010,58.0,43,7.28,71.0,47.2,72.0,8.5,72.0,21.600000381469727,0.675,27.138586044311523
South Africa,2005,53.8,55,8.69,79.0,43.6,75.0,7.77,79.0,22.5,0.632,26.322877883911133
South Africa,2000,57.3,51,7.3,73.0,4.1,71.0,8.7,73.0,23.5,0.633,26.673799514770508
Spain,2015,82.8,1,,97.0,66.6,97.0,,97.0,29.700000762939453,0.889,10.449102401733398
Spain,2010,81.9,1,9.78,97.0,63.5,97.0,9.56,97.0,31.899999618530277,0.868,11.349328994750977
Spain,2005,81.0,2,11.92,96.0,6.5,96.0,8.12,96.0,34.29999923706055,0.85,11.569025039672852
Spain,2000,79.1,2,11.12,77.0,57.6,95.0,7.21,95.0,36.79999923706055,0.825,11.774209022521973
Sri Lanka,2015,74.9,3,,99.0,23.4,99.0,,99.0,23.299999237060547,0.764,25.337343215942383
Sri Lanka,2010,74.5,3,2.31,99.0,19.8,99.0,3.43,99.0,24.799999237060547,0.737,31.033781051635746
Sri Lanka,2005,74.2,4,1.97,99.0,16.6,99.0,4.6,99.0,26.5,0.71,30.956735610961918
Sri Lanka,2000,71.5,5,1.45,,14.1,99.0,3.77,99.0,28.5,0.688,30.855762481689453
Sweden,2015,82.4,0,,67.0,59.5,98.0,,98.0,27.899999618530277,0.937,6.322498321533203
Sweden,2010,81.5,0,7.2,,57.3,98.0,9.47,98.0,32.29999923706055,0.91,7.20975923538208
Sweden,2005,85.0,0,6.5,,55.3,98.0,9.6,98.0,37.59999847412109,0.902,7.165820121765137
Sweden,2000,79.6,0,6.2,,52.8,99.0,8.18,99.0,43.79999923706055,0.904,7.578009128570557
Switzerland,2015,83.4,0,,,57.4,97.0,,97.0,26.200000762939453,0.954,11.165254592895508
Switzerland,2010,82.3,0,10.01,,55.4,96.0,11.7,95.0,26.899999618530277,0.942,12.922219276428224
Switzerland,2005,81.1,0,10.15,,53.2,94.0,1.86,94.0,27.700000762939453,0.905,12.86181640625
Switzerland,2000,79.7,0,11.26,,5.8,95.0,9.91,93.0,28.299999237060547,0.887,12.69076442718506
Thailand,2015,74.9,8,,99.0,33.6,99.0,,99.0,24.100000381469727,0.781,27.344566345214844
Thailand,2010,73.9,10,5.95,98.0,27.9,99.0,3.81,99.0,26.299999237060547,0.737,31.565399169921875
Thailand,2005,72.5,13,6.26,96.0,22.6,98.0,3.55,98.0,28.799999237060547,0.706,31.80703353881836
Thailand,2000,71.1,18,5.88,95.0,18.7,97.0,3.4,97.0,31.700000762939453,0.653,30.960351943969727
Togo,2015,59.9,13,,88.0,24.3,88.0,,88.0,8.199999809265137,0.514,38.35681915283203
Togo,2010,57.4,14,1.21,83.0,21.4,83.0,5.37,83.0,9.800000190734863,0.477,30.52294540405273
Togo,2005,55.0,15,1.14,,18.9,8.0,5.17,82.0,11.899999618530272,0.458,31.39154624938965
Togo,2000,54.6,14,1.1,,16.6,63.0,4.35,64.0,14.399999618530272,0.446,37.68585586547852
Tonga,2015,73.5,0,,78.0,75.2,8.0,,78.0,31.600000381469727,0.73,11.312968254089355
Tonga,2010,72.8,0,1.24,82.0,72.7,84.0,4.59,82.0,32.099998474121094,0.713,13.53194808959961
Tonga,2005,72.3,0,1.57,89.0,69.4,9.0,6.52,89.0,32.79999923706055,0.702,13.179139137268066
Tonga,2000,71.6,0,1.24,93.0,65.5,91.0,4.75,91.0,33.5,0.685,12.798571586608888
Tunisia,2015,75.3,3,,98.0,61.2,98.0,,98.0,26.600000381469727,0.733,36.30424880981445
Tunisia,2010,74.8,3,1.28,98.0,56.5,98.0,6.54,98.0,29.0,0.72,35.54549026489258
Tunisia,2005,74.2,3,1.37,97.0,52.2,98.0,5.57,98.0,31.600000381469727,0.694,33.55744934082031
Tunisia,2000,72.9,4,1.21,94.0,48.1,97.0,5.4,97.0,34.29999923706055,0.658,35.6025276184082
Turkey,2015,75.8,15,,97.0,66.1,97.0,,97.0,31.100000381469727,0.817,45.401554107666016
Turkey,2010,74.2,21,1.49,96.0,61.9,97.0,5.61,97.0,31.700000762939453,0.749,43.82122802734375
Turkey,2005,72.4,30,1.29,85.0,57.6,9.0,5.45,9.0,32.20000076293945,0.7,41.2020149230957
Turkey,2000,74.0,44,1.54,71.0,53.5,85.0,4.95,85.0,32.900001525878906,0.67,42.69252395629883
Turkmenistan,2015,66.3,6,,99.0,48.6,99.0,,99.0,6.699999809265137,0.74,22.970539093017575
Turkmenistan,2010,65.8,7,2.48,96.0,44.2,96.0,1.99,96.0,8.199999809265137,0.711,24.851829528808597
Turkmenistan,2005,63.3,6,2.85,99.0,4.7,99.0,3.51,99.0,9.899999618530272,0.66,23.85405731201172
Uganda,2015,62.3,66,,78.0,18.5,82.0,,78.0,10.899999618530272,0.517,48.94935989379883
Uganda,2010,58.4,79,10.03,8.0,16.3,79.0,11.2,8.0,14.300000190734863,0.502,44.758697509765625
Uganda,2005,53.2,99,10.09,64.0,14.5,59.0,9.36,64.0,18.799999237060547,0.454,45.9461669921875
Uganda,2000,46.6,116,10.47,,13.0,55.0,6.77,52.0,24.700000762939453,0.394,46.028907775878906
Ukraine,2015,71.3,4,,22.0,61.3,51.0,,23.0,28.399999618530277,0.774,21.2464542388916
Ukraine,2010,69.8,5,8.39,48.0,58.5,57.0,7.81,52.0,31.100000381469727,0.764,23.52265739440918
Ukraine,2005,67.0,5,7.31,97.0,56.4,95.0,6.41,96.0,34.29999923706055,0.743,23.92220497131348
Ukraine,2000,67.5,6,4.49,4.0,54.8,99.0,5.59,99.0,37.70000076293945,0.7,24.15791320800781
Uruguay,2015,77.0,0,,95.0,64.0,95.0,,95.0,24.299999237060547,0.811,9.659454345703123
Uruguay,2010,76.3,0,6.21,95.0,61.2,95.0,8.63,95.0,27.5,0.787,11.027055740356444
Uruguay,2005,75.7,1,6.35,96.0,58.3,96.0,11.15,96.0,31.200000762939453,0.768,10.918424606323242
Uruguay,2000,75.1,1,6.65,92.0,55.0,92.0,7.82,9.0,35.29999923706055,0.753,11.367082595825195
Uzbekistan,2015,69.4,15,,99.0,44.7,99.0,,99.0,19.100000381469727,0.701,30.394330978393555
Uzbekistan,2010,68.3,20,2.73,99.0,4.7,99.0,5.34,99.0,20.899999618530277,0.673,32.07745361328125
Uzbekistan,2005,67.3,24,1.78,99.0,37.5,99.0,5.11,99.0,22.700000762939453,0.639,31.53029441833496
Uzbekistan,2000,67.1,30,1.6,,34.8,99.0,5.29,99.0,24.899999618530277,0.607,31.93634605407715
Vanuatu,2015,72.0,0,,64.0,53.3,65.0,,64.0,19.399999618530277,0.595,12.15721035003662
Vanuatu,2010,71.0,0,0.91,62.0,49.1,66.0,4.71,65.0,21.299999237060547,0.591,14.129512786865234
Vanuatu,2005,69.9,0,0.88,61.0,44.9,67.0,3.87,68.0,23.299999237060547,0.578,14.189769744873049
Yemen,2015,65.7,37,,69.0,41.3,63.0,,69.0,21.799999237060547,0.477,54.26028823852539
Yemen,2010,64.4,35,0.06,76.0,37.2,77.0,5.17,76.0,23.399999618530277,0.51,45.979469299316406
Yemen,2005,62.6,40,0.04,8.0,33.9,8.0,4.58,79.0,25.299999237060547,0.489,45.144805908203125
Yemen,2000,68.0,48,0.07,14.0,31.2,74.0,4.14,74.0,27.299999237060547,0.45,50.8679313659668
Zambia,2015,61.8,27,,9.0,23.4,9.0,,9.0,15.5,0.562,28.375452041625977
Zambia,2010,58.0,30,2.47,83.0,2.7,8.0,4.41,83.0,16.700000762939453,0.529,28.83637809753418
Zambia,2005,49.3,34,2.33,82.0,18.4,84.0,7.56,82.0,18.100000381469727,0.472,28.94705581665039
Zambia,2000,43.8,44,2.62,,16.8,85.0,7.16,85.0,19.899999618530277,0.418,30.8982048034668
Zimbabwe,2015,67.0,22,,87.0,31.8,88.0,,87.0,13.600000381469728,0.582,21.73370933532715
Zimbabwe,2010,52.4,29,5.21,9.0,29.4,89.0,5.37,89.0,15.600000381469728,0.512,23.23147964477539
Zimbabwe,2005,44.6,28,4.14,65.0,27.5,69.0,6.44,68.0,18.100000381469727,0.448,23.314741134643555
Zimbabwe,2000,46.0,24,1.68,79.0,25.5,78.0,7.1,78.0,21.0,0.452,23.126373291015625
